[
	{"integrationSerivceNm":"통일접속","comp":"IR_SYM-NN-001","code":"접속 오류","gid":"dfdsf","date":""},
	{"integrationSerivceNm":"통일접속","comp":"IR_SYM-NN-002","code":"접속 오류","gid":"dfdsf","date":""},
	{"integrationSerivceNm":"통일접속","comp":"IR_SYM-NN-003","code":"접속 오류","gid":"dfdsf","date":""},
	{"integrationSerivceNm":"통일접속","comp":"IR_SYM-NN-004","code":"접속 오류","gid":"dfdsf","date":""},
	{"integrationSerivceNm":"통일접속","comp":"IR_SYM-NN-005","code":"접속 오류","gid":"dfdsf","date":""}
]