[
	{"integrationServiceNm":"통일접속","integrationServiceId":"IR_SYM-NN-001","code":"접속 오류","globalId":"dfdsf","procDate":"","estTime":"30"},
	{"integrationServiceNm":"통일접속","integrationServiceId":"IR_SYM-NN-002","code":"접속 오류","globalId":"dfdsf","procDate":"","estTime":"30"},
	{"integrationServiceNm":"통일접속","integrationServiceId":"IR_SYM-NN-003","code":"접속 오류","globalId":"dfdsf","procDate":"","estTime":"30"},
	{"integrationServiceNm":"통일접속","integrationServiceId":"IR_SYM-NN-004","code":"접속 오류","globalId":"dfdsf","procDate":"","estTime":"30"},
	{"integrationServiceNm":"통일접속","integrationServiceId":"IR_SYM-NN-005","code":"접속 오류","globalId":"dfdsf","procDate":"","estTime":"30"}
]