<?xml version="1.0" encoding="UTF-8"?>
<!DOCTYPE mapper PUBLIC "-//mybatis.org//DTD Mapper 3.0//EN"
"http://mybatis.org/dtd/mybatis-3-mapper.dtd">

<mapper namespace="pep.per.mint.migration.mapper.su.SummaryMapper">
  	<!--
  	<cache/>
  	-->

  	<select id="getInterfaceId" resultType="string">
  		select max(INTERFACE_ID) as "interfaceId" from TAN0201 where INTEGRATION_ID = #{integrationId}
  	</select>

  	<delete id="deleteTSU0804">
  		delete from TSU0804 where TR_DAY = #{year}||#{month}||#{day}
  	</delete>

	<insert id="insertTSU0804">
		insert into TSU0804 (
			 INTERFACE_ID
			,TR_DAY
			,DATA_SIZE
			,SUCCESS_CNT
			,ERROR_CNT
			,PROCESS_CNT
			,REG_DATE
			,REG_APP
		) values (
			 #{interfaceId}
			,#{TR_DAY}
			,#{DATA_SIZE}
			,#{SUCCESS_CNT}
			,#{ERROR_CNT}
			,#{PROCESS_CNT}
			,#{regDate}
			,#{regApp}
		)
	</insert>

	<delete id="deleteTSU0805">
  		delete from TSU0805 where TR_MONTH = #{year}||#{month}
  	</delete>

	<insert id="insertTSU0805">

		insert into TSU0805 (
			 INTERFACE_ID
			,TR_MONTH
			,DATA_SIZE
			,SUCCESS_CNT
			,ERROR_CNT
			,PROCESS_CNT
			,REG_DATE
			,REG_APP
		) values (
			 #{interfaceId}
			,#{TR_MONTH}
			,#{DATA_SIZE}
			,#{SUCCESS_CNT}
			,#{ERROR_CNT}
			,#{PROCESS_CNT}
			,#{regDate}
			,#{regApp}
		)

	</insert>

</mapper>